Framework,Quality_Improvement_%,Cost_Efficiency_%,Success_Improvement_%,Iteration_Efficiency_%,Overall_Score_%,Statistically_Significant
Chain-of-Thought,36.36363636363635,33.33333333333333,17.073170731707318,-80.0,7.5107169253510655,True
Tree-of-Thoughts,10.294117647058815,62.5,7.865168539325837,57.14285714285715,32.10809885752053,True
ReAct,22.95081967213115,50.0,23.076923076923066,35.71428571428571,32.29733381372725,True
Self-Refine,17.187499999999996,42.85714285714286,12.941176470588234,14.285714285714288,21.96297268907563,True
Plan-and-Solve,27.118644067796616,25.0,18.518518518518505,-38.46153846153846,11.322915157660915,True
Reflexion,13.63636363636363,57.14285714285714,10.344827586206893,27.999999999999996,26.562830273175095,True
